conversation_id_str,created_at,favorite_count,full_text,id_str,image_url,in_reply_to_screen_name,lang,location,quote_count,reply_count,retweet_count,tweet_url,user_id_str,username
1972999070525575313,Tue Sep 30 12:16:49 +0000 2025,0,ᅠ ᅠ ᅠ Insomnia finally took a toll on me. Kepala rasanya udah kaya dangdutan sendiri. I need my girl back. ᅠ ᅠ https://t.co/2RMBX4wqXD,1972999070525575313,https://pbs.twimg.com/media/G2GAMtPaQAA5CVI.jpg,,in,,0,0,0,https://x.com/undefined/status/1972999070525575313,788133819597529088,
1972978284435820791,Tue Sep 30 12:10:30 +0000 2025,0,@Ex_insomnia kesayangan ponakan ia,1972997480024535369,,Ex_insomnia,in,,0,1,0,https://x.com/undefined/status/1972997480024535369,1292413757897846784,
1972959538279334164,Tue Sep 30 12:02:02 +0000 2025,0,@Ex_insomnia wkwkwk kepleset,1972995349758529785,,Ex_insomnia,in,,0,0,0,https://x.com/undefined/status/1972995349758529785,1481231686172311560,
1972643915561111999,Tue Sep 30 11:53:23 +0000 2025,0,@suksaetbyeoli7 HAHAHAHAHAHA katanya insomnia by tau2 buka buku lah langsung ngorok dia,1972993171681632677,,suksaetbyeoli7,in,,0,0,0,https://x.com/undefined/status/1972993171681632677,963003934536212480,
1972191823528710230,Tue Sep 30 11:40:00 +0000 2025,0,@xendless_s @carlaaura ya soalnya pasien insomnia pengguna lorazepam,1972989803470987345,,xendless_s,in,,0,0,0,https://x.com/undefined/status/1972989803470987345,857917093,
1972981601194951025,Tue Sep 30 11:32:14 +0000 2025,1,@maia_klp48 InSomnia juga teh?,1972987848816205985,,maia_klp48,in,,0,0,0,https://x.com/undefined/status/1972987848816205985,165332202,
1972719046526398492,Tue Sep 30 11:30:12 +0000 2025,1,@ccmh_comics Pernah insomnia kurleb sebulan kemudian perbaiki pola hidup. Sore coba jogging / jalan - jalan cari keringet konsumsi blackmores yg kandungan magnesium lalu pas tidur nyetel org podcast. Bisa deh tidur teratur jam 10 ,1972987337924899248,,ccmh_comics,in,,0,0,0,https://x.com/undefined/status/1972987337924899248,750499638,
1972983929180495972,Tue Sep 30 11:16:39 +0000 2025,0,Insomnia Kronis Tingkatkan Risiko Demensia hingga 40 Persen Studi Neurology Ungkap Fakta Mengejutkan https://t.co/FGnuN28kdL,1972983929180495972,,,in,,0,0,0,https://x.com/undefined/status/1972983929180495972,535213390,
1972909474026512671,Tue Sep 30 11:09:04 +0000 2025,1,@RianEkkyP Gue juga belum yan :(,1972982019509584379,,RianEkkyP,in,,0,0,0,https://x.com/undefined/status/1972982019509584379,52029529,
1972979761065640097,Tue Sep 30 11:00:05 +0000 2025,0,Tepat setahun yang lalu diwaktu yg sama gue melihat gimana sakaratul maut menjemput ibu gue tepat di depan mata dan resmi jadi anak yatim piatu dan itu yg selalu ngingetin gue kalo lagi kebangun di malam hari atau lagi insomnia moment yg gak bakal bisa gue lupain seumur hidup,1972979761065640097,,,in,,0,0,0,https://x.com/undefined/status/1972979761065640097,564432527,
1972978284435820791,Tue Sep 30 10:54:13 +0000 2025,1,kadang kalo liat muka sendiri suka ngerenyuh gak kerasa udah jadi om om.,1972978284435820791,,,in,,0,4,0,https://x.com/undefined/status/1972978284435820791,765859339416457218,
1972976873375469804,Tue Sep 30 10:49:52 +0000 2025,0,8. The Best Thing The Best Thing adalah drama romantis Tiongkok tentang Shen Xi Fan manajer hotel yang menderita insomnia dan migrain akibat stres kerja yang akhirnya bertemu dan jatuh cinta dengan He Su Ye seorang dokter pengobatan tradisional Tiongkok. https://t.co/lTpPmpyBkD,1972977187776250226,https://pbs.twimg.com/media/G2FsS5gbgAAxuVt.jpg,SFT99XIAOWEN,in,,0,1,1,https://x.com/undefined/status/1972977187776250226,1498635251391729664,
1972977068364456169,Tue Sep 30 10:49:23 +0000 2025,0,bandung dingin cuy. hujan mulu. https://t.co/9zbKnYum7d,1972977068364456169,https://pbs.twimg.com/media/G2FsLbWaEAAEYGw.jpg,,in,,1,0,0,https://x.com/undefined/status/1972977068364456169,765859339416457218,
1972975556091376026,Tue Sep 30 10:48:36 +0000 2025,0,@insomnia_0201 Deepu ,1972976871114781128,,insomnia_0201,in,,0,0,0,https://x.com/undefined/status/1972976871114781128,1398527732082896900,
1972959538279334164,Tue Sep 30 10:10:10 +0000 2025,0,@beeaane aku nemu komentar terngakak wkwk https://t.co/7KWGv2aEVH,1972967196478545977,https://pbs.twimg.com/media/G2FjM5wacAAVnG9.jpg,beeaane,in,,0,1,0,https://x.com/undefined/status/1972967196478545977,765859339416457218,
1972965217731830188,Tue Sep 30 10:02:18 +0000 2025,0,Wah cuacanya https://t.co/HVfeuccf9S,1972965217731830188,https://pbs.twimg.com/ext_tw_video_thumb/1972965183506264064/pu/img/9Y6nUw6LVZtqeYZI.jpg,,in,,0,0,0,https://x.com/undefined/status/1972965217731830188,1781223220047380480,
1972937075470242292,Tue Sep 30 09:26:04 +0000 2025,0,@nina_cn11 Salam kenal mmm di uluwatu?,1972956100468310128,,nina_cn11,in,,0,0,0,https://x.com/undefined/status/1972956100468310128,1781223220047380480,
1972821777069015394,Tue Sep 30 08:38:28 +0000 2025,0,@putmark_ emang udah insomnia akut kalo ada aktivitas pagii yaa ga tidur,1972944120898560321,,putmark_,in,,0,1,0,https://x.com/undefined/status/1972944120898560321,1170710779332423680,
1972940134216769928,Tue Sep 30 08:22:38 +0000 2025,0,Matlb yeh khawab v pura na ho saka https://t.co/RRmkwxPx3l,1972940134216769928,https://pbs.twimg.com/tweet_video_thumb/G2FKlkmX0AAlFNS.jpg,,in,,0,0,0,https://x.com/undefined/status/1972940134216769928,1849014076351127552,
1972935380799525285,Tue Sep 30 08:03:44 +0000 2025,0,Makan dulu https://t.co/OgWqHddgRb,1972935380799525285,https://pbs.twimg.com/media/G2FGQ_5a4AAR526.jpg,,in,,0,0,0,https://x.com/undefined/status/1972935380799525285,1781223220047380480,
1972931064609010067,Tue Sep 30 07:49:33 +0000 2025,7,inhaler ini tuh ajaib banget bisa bikin tidur lebih nyenyak bahannya juga dari herbal jadi gak bikin ketergantungan dan aman. sudah BPOM dan halal. yg lagi struggle sama insomnia inhaler ini bisa jadi pilihan yg tepat. https://t.co/EDrq6QmtHQ https://t.co/Q4F58MQTgG,1972931808905109704,https://pbs.twimg.com/media/G2FC6OrawAARs7_.jpg,Artbyann_,in,,0,1,1,https://x.com/undefined/status/1972931808905109704,1481969256510410758,
1972920094495023552,Tue Sep 30 07:34:18 +0000 2025,1,@tvbzify Insomnia gang,1972927970441654490,,tvbzify,in,,0,0,0,https://x.com/undefined/status/1972927970441654490,1767196342013837312,
1972823456124440862,Tue Sep 30 06:51:58 +0000 2025,2,@nina_cn11 Siang,1972917320202031330,,nina_cn11,in,,0,0,0,https://x.com/undefined/status/1972917320202031330,1781223220047380480,
1972905648007590091,Tue Sep 30 06:05:35 +0000 2025,2,Nuh uh,1972905648007590091,,,in,,0,0,0,https://x.com/undefined/status/1972905648007590091,1155159591585484801,
1972894904188899731,Tue Sep 30 05:22:54 +0000 2025,0,Dan sebenernya salah satu faktor terbesar insomnia ku ya dia. Obat insomnia nya? Ya dia lagi ,1972894904188899731,,,in,,0,0,0,https://x.com/undefined/status/1972894904188899731,288086057,
1972884733014208616,Tue Sep 30 04:42:29 +0000 2025,1,Jual obat bius cair/obat tidur CHLOROFROM POISON bermanfaat : mengobati insomnia mengobati stress fikiran Mengobati depresi dll pemakaian bisa di tetesin ke makanan atau minuman bisa juga di sapu tangan untuk bius. Order whatsapp : +6285295080903 @MeiyraShop https://t.co/LNRVfUZBOv,1972884733014208616,https://pbs.twimg.com/media/G2EYNH0aUAAXxFc.jpg,,in,,0,0,0,https://x.com/undefined/status/1972884733014208616,1710111160610222080,
1972881702197641413,Tue Sep 30 04:39:01 +0000 2025,4,@shiniciizumi_ Saya jg lagi nyari magnesium glycinate buat ngatasin insomnia. Lagi mempertimbangkan antara solaray atau naturebell https://t.co/8CiR8lfRSR,1972883861488177218,https://pbs.twimg.com/media/G2EXaTDbMAEUw4V.jpg,shiniciizumi_,in,,0,1,0,https://x.com/undefined/status/1972883861488177218,1794038422656765952,
1972866130177073583,Tue Sep 30 04:28:01 +0000 2025,0,@hafilova @jktworldcinema Istilah perfect cure for insomnia adalah benar karena aku beberapa kali microsleeping dan ketiduran di part cerita anak kecil. Di antara 5 cerita yg ada cuman ini yang engga nyangkut di otak sama sekali ,1972881091821515259,,hafilova,in,,0,0,0,https://x.com/undefined/status/1972881091821515259,79099419,
1972874316091113856,Tue Sep 30 04:03:42 +0000 2025,0,Enggak lupa juga rujukan dokter ke Poli Jiwa : depresi insomnia indikasi self-harm. Rasanya dunia ikutan roboh https://t.co/8ZG6dfuXor,1972874971543466210,https://pbs.twimg.com/media/G2EPU_La4AAMcF3.jpg,tasyasyafitrii_,in,,0,1,0,https://x.com/undefined/status/1972874971543466210,1562877223622696961,
1972874316091113856,Tue Sep 30 04:01:05 +0000 2025,0,Stres berkepanjangan insomnia keliyengan tiap aktivitas asam lambung naik sering pingsan. Kupikir cuma kecapekan biasa ternyata bukan https://t.co/lNbIIpO1tN,1972874316091113856,https://pbs.twimg.com/media/G2EOtqfa0AADR_b.jpg,,in,,0,2,0,https://x.com/undefined/status/1972874316091113856,1562877223622696961,
1972829227113431522,Tue Sep 30 02:24:07 +0000 2025,0,@seiishiron Kalau insomnia udah ganggu aktivitas emg psikiater bisa bantu dgn terapi + obat tidur resep. Obat ini ga bisa dibeli bebas ya harus resep sesuai kondisi. Praktis konsul psikiater Halodoc Kode hemat Konsul: KONSULCBWYNFS Obat resmi: OBATCBLHY0R,1972849912095379616,,seiishiron,in,,0,0,0,https://x.com/undefined/status/1972849912095379616,1944241071363645440,
1972704673418322111,Tue Sep 30 01:48:59 +0000 2025,0,@aurorrion ????? Minat naruh loudspeaker di telinganya trs muter insomnia 24 jam,1972841070653592059,,aurorrion,in,,0,0,0,https://x.com/undefined/status/1972841070653592059,1579126601597718528,
1972821777069015394,Tue Sep 30 01:44:00 +0000 2025,0,@_00ayxoxo emang udah insomnia akut jam tidurku kebalik dari manusia normal,1972839816690868446,,_00ayxoxo,in,,0,1,0,https://x.com/undefined/status/1972839816690868446,1170710779332423680,
1972191823528710230,Tue Sep 30 01:36:16 +0000 2025,0,@Fyang_23 @xendless_s Menurutku pernyataan Kepala BNN itu lebih ke indikator umum bukan diagnosis pasti. Begadang bisa karena banyak hal: kerja malam belajar atau insomnia bukan selalu narkoba. Kalau kamu gak pernah keluar dan gak ada tanda lain (seperti perubahan perilaku) kemungkinan besar,1972837868763763036,,Fyang_23,in,,0,0,0,https://x.com/undefined/status/1972837868763763036,1720665183188922368,
1972821777069015394,Tue Sep 30 00:33:30 +0000 2025,0,@reinkarnassii udah insomnia akutt,1972822072662565109,,reinkarnassii,in,,0,1,0,https://x.com/undefined/status/1972822072662565109,1170710779332423680,
1972817930296729952,Tue Sep 30 00:17:02 +0000 2025,0,Bisakah Aplikasi Meditasi Mengurangi Stres Kecemasan dan Insomnia? https://t.co/K9OmStDvWW,1972817930296729952,,,in,,0,0,0,https://x.com/undefined/status/1972817930296729952,535213390,
1972816981645832451,Tue Sep 30 00:13:16 +0000 2025,0,ya Allah pak ada yang namanya insomnia ada manusia² yang minum kopi malem hari sampe nggak bisa tidur Manusia se insom ini di fitnah make,1972816981645832451,,,in,,0,0,0,https://x.com/undefined/status/1972816981645832451,1357231260263882752,
1972805804106617171,Mon Sep 29 23:28:51 +0000 2025,0,gua iri aja sih sama orang yang bisa management waktunya dengan baik gua itu cuma pengen bisa olahraga aja. kayak gimana kerjaan gua di RS siang dan malem aja libur pun masih tetep harus di toko. hari-hari penuh dengan bergadang all hasil jadi insomnia ,1972805804106617171,,,in,,0,0,0,https://x.com/undefined/status/1972805804106617171,586472515,
1883366077000044901,Mon Sep 29 23:26:43 +0000 2025,1,@aurora__eleanor Bikin h,1972805266317181060,,aurora__eleanor,in,,0,0,0,https://x.com/undefined/status/1972805266317181060,1781223220047380480,
1915023061667176660,Mon Sep 29 23:25:14 +0000 2025,0,@aurora__eleanor Liar yah,1972804893271548044,,aurora__eleanor,in,,0,0,0,https://x.com/undefined/status/1972804893271548044,1781223220047380480,
1972714420863488439,Mon Sep 29 17:48:25 +0000 2025,2,@jmnhigh @thisismaytryin @luna_bunnie CHINGU ALICE IN BORDERLAND DEKHO,1972720133992042519,,jmnhigh,in,,0,1,0,https://x.com/undefined/status/1972720133992042519,1849014076351127552,
1972715028953579770,Mon Sep 29 17:37:19 +0000 2025,0,@moucherrie Selalu saja kamu insomnia Ruby. Ckckck.,1972717336999461209,,moucherrie,in,,0,0,0,https://x.com/undefined/status/1972717336999461209,835803698638925826,
1972715522673537309,Mon Sep 29 17:30:06 +0000 2025,0,kalau lagi insomnia suka muncul jiwa impulsif checkout sopi ,1972715522673537309,,,in,,0,0,0,https://x.com/undefined/status/1972715522673537309,1442702660,
1971610769130479685,Mon Sep 29 17:24:49 +0000 2025,0,@kimiyeri Kata mamaku kamu sakit hati ya? Kata papaku kamu insomnia?,1972714192546476172,,kimiyeri,in,,0,0,0,https://x.com/undefined/status/1972714192546476172,1240715567939465217,
1972711534976745626,Mon Sep 29 17:14:15 +0000 2025,0,SINI LU JADI GUA ANJR INSOMNIA KAGAK ENAK,1972711534976745626,,,in,,0,0,0,https://x.com/undefined/status/1972711534976745626,1860391674691878913,
1972708565598216544,Mon Sep 29 17:02:27 +0000 2025,0,gue perlu bikin sleep diary juga deh kyk di breeze of love itu gue liat liat berguna sih ya soalnya gue insomnia juga ,1972708565598216544,,,in,,0,0,0,https://x.com/undefined/status/1972708565598216544,308923302,
1972191823528710230,Mon Sep 29 16:51:56 +0000 2025,0,@xendless_s gua yg insomnia = penyabu :),1972705916433866947,,xendless_s,in,,0,0,0,https://x.com/undefined/status/1972705916433866947,1603810930554732544,
1972699656204509538,Mon Sep 29 16:27:03 +0000 2025,0,Tidur itu enakk (apalagi kalo ketiduran) makanya yang pelor harus banyakin syukur deh insomnia tuh nyiksa soalnya,1972699656204509538,,,in,,0,0,0,https://x.com/undefined/status/1972699656204509538,1931328065021616128,
1972378409885123065,Mon Sep 29 15:13:39 +0000 2025,0,@nunonana2 Kan insomnia judul nya ,1972681181851254858,,nunonana2,in,,0,0,0,https://x.com/undefined/status/1972681181851254858,46612948,
1972674549696070138,Mon Sep 29 14:47:17 +0000 2025,0,gagi nalala insomnia ko,1972674549696070138,,,in,,0,0,0,https://x.com/undefined/status/1972674549696070138,1457707149467914243,
1972350558888661089,Mon Sep 29 13:42:14 +0000 2025,0,@mipyeon insomnia nuna? udah tidur nun semalem,1972658179998912600,,mipyeon,in,,0,1,0,https://x.com/undefined/status/1972658179998912600,929351726,
1972652270694375493,Mon Sep 29 13:22:14 +0000 2025,0,@RRaneswara5125 jangan kopi aku masih belum boleh kopi. takut insomnia lagi. ,1972653142962815483,,RRaneswara5125,in,,0,1,0,https://x.com/undefined/status/1972653142962815483,1894278414200442881,
1972651145761087736,Mon Sep 29 13:14:17 +0000 2025,0,Kita tunggu dulu setlist nya baru nyari tiketnya wkwk jebal insomnia masuk (memohon dengan lemah lembut),1972651145761087736,,,in,,0,1,0,https://x.com/undefined/status/1972651145761087736,950356571216752640,
1972628216444772591,Mon Sep 29 13:13:43 +0000 2025,0,@omulasu22 Long weekend sir? Ama yako ni insomnia tu?,1972651002269782250,,omulasu22,in,,0,1,0,https://x.com/undefined/status/1972651002269782250,551763515,
1972649146999021805,Mon Sep 29 13:06:21 +0000 2025,0,Ngidam liat perfom insomnia weh,1972649146999021805,,,in,,0,0,0,https://x.com/undefined/status/1972649146999021805,950356571216752640,
1972647038249779624,Mon Sep 29 12:57:58 +0000 2025,0,Surya Insomnia kata ni bocah @dobinguk ,1972647038249779624,,,in,,0,1,0,https://x.com/undefined/status/1972647038249779624,1939604365591146496,
1972645780084425187,Mon Sep 29 12:52:58 +0000 2025,0,Gimana nasib gw kalo insomnia masuk setlist here&amp;now,1972645780084425187,,,in,,0,0,0,https://x.com/undefined/status/1972645780084425187,950356571216752640,
1972645523867013481,Mon Sep 29 12:51:57 +0000 2025,0,perasaanku aja apa gimana senyumnya el putra mirip surya insomnia bgtt,1972645523867013481,,,in,,0,0,0,https://x.com/undefined/status/1972645523867013481,1252639448199647233,
1972203752485798122,Mon Sep 29 11:55:21 +0000 2025,0,@cloudelle_ Jangan yah,1972631280216117450,,cloudelle_,in,,0,0,0,https://x.com/undefined/status/1972631280216117450,1781223220047380480,
1972182043225395666,Mon Sep 29 11:52:25 +0000 2025,0,@vanya_not_vania Mmm bibirnya,1972630539959193964,,vanya_not_vania,in,,0,0,0,https://x.com/undefined/status/1972630539959193964,1781223220047380480,
1972582459880644715,Mon Sep 29 11:51:24 +0000 2025,0,@nina_cn11 Jalanan pasti macet,1972630284878422501,,nina_cn11,in,,0,0,0,https://x.com/undefined/status/1972630284878422501,1781223220047380480,
1972583905569202312,Mon Sep 29 11:50:16 +0000 2025,0,@divdivanya Sama,1972630000160723183,,divdivanya,in,,0,0,0,https://x.com/undefined/status/1972630000160723183,1781223220047380480,
1972324934849581289,Mon Sep 29 11:47:35 +0000 2025,2,@hannamaysaa Ga hujan?,1972629327289409741,,hannamaysaa,in,,0,0,0,https://x.com/undefined/status/1972629327289409741,1781223220047380480,
1972627662507307126,Mon Sep 29 11:46:34 +0000 2025,0,@matchaacake__ Hujan,1972629070149239057,,matchaacake__,in,,0,0,0,https://x.com/undefined/status/1972629070149239057,1781223220047380480,
1972611572137869743,Mon Sep 29 10:37:02 +0000 2025,0,Lu kaga tau serusak ap jam tidur gw ampe insomnia aja keknya udh bukan sebutan yg pas.. TAPI BUKAN KARNA NARKOBAAAAAAA (karna mikirin Sylus hehe),1972611572137869743,,,in,,0,0,0,https://x.com/undefined/status/1972611572137869743,1811254637925982208,
1972588450244108450,Mon Sep 29 10:13:48 +0000 2025,0,@humaniroq @FOOD_FESS iyaa penyerapan caffeinenya terhambat parah atau ngganya beda2 tergantung orang salah satu efeknya jg insomnia/susah tidur,1972605722673430571,,humaniroq,in,,0,0,0,https://x.com/undefined/status/1972605722673430571,1549077294916186112,
1972500884308578648,Mon Sep 29 09:28:27 +0000 2025,0,@kyureene @chxiori klo lu nyanyiin nanti malah insomnia mit,1972594310337249644,,kyureene,in,,0,1,0,https://x.com/undefined/status/1972594310337249644,893873043256164352,
1972582763023994981,Mon Sep 29 08:43:29 +0000 2025,0,Gw sampe minum obat tidur biar bisa bobok Akhir² ini pun malah makin kambuh insomnia gw ,1972582996403462264,,profhangezoe,in,,0,0,0,https://x.com/undefined/status/1972582996403462264,1014842805057802240,
1972582763023994981,Mon Sep 29 08:42:34 +0000 2025,0,I love tidur tapi kenapa gw insomnia ya ,1972582763023994981,,,in,,0,1,0,https://x.com/undefined/status/1972582763023994981,1014842805057802240,
1972578461379334618,Mon Sep 29 08:25:28 +0000 2025,1,Trus gue yg insomnia akut sama lagi depresot itu pengguna gitu ya???,1972578461379334618,,,in,,0,0,0,https://x.com/undefined/status/1972578461379334618,71799494,
1972577690441101497,Mon Sep 29 08:22:24 +0000 2025,0,Alam pun merasakan apa yang gue rasakan https://t.co/qmCM1gZtc2,1972577690441101497,https://pbs.twimg.com/ext_tw_video_thumb/1972577439995068416/pu/img/l_anHvbSy-rIY2Vf.jpg,,in,,0,0,0,https://x.com/undefined/status/1972577690441101497,1781223220047380480,
1972551368419549573,Mon Sep 29 08:15:44 +0000 2025,0,@jayhanibaram Nahh ituu insomnia itu namanya pakkk ,1972576012149150030,,jayhanibaram,in,,0,1,0,https://x.com/undefined/status/1972576012149150030,1902297991463235585,
1972569421312147945,Mon Sep 29 07:49:33 +0000 2025,0,GA LAGI PUSH RANK JAM 12 MALEM MALAH KENA INSOMNIA ,1972569421312147945,,,in,,0,0,0,https://x.com/undefined/status/1972569421312147945,1835876003123810304,
1972552399790453091,Mon Sep 29 06:41:55 +0000 2025,3,Simak remix lagu shaggydog insomnia dari Heruwa feat Sal Priadi hanya di 89.5 FM R-Radio Hits and Inspiring You. streaming https://t.co/OtAKgdpG3K @HERUWA @salpriadi_ @shaggydogjogja @doggyhouserec https://t.co/vuSbrufMCQ,1972552399790453091,https://pbs.twimg.com/amplify_video_thumb/1972552330278289408/img/sLCUkf7m9FJDOsyT.jpg,,in,,0,0,2,https://x.com/undefined/status/1972552399790453091,266885702,
1972191823528710230,Mon Sep 29 06:07:31 +0000 2025,0,@xendless_s Itu namanya insomnia,1972543744101777488,,xendless_s,in,,0,0,0,https://x.com/undefined/status/1972543744101777488,146453013,
1972541487041941504,Mon Sep 29 05:58:33 +0000 2025,0,kalo insomnia tengah malam malah filosofi hidup mendalam sampai subuh tiba,1972541487041941504,,,in,,0,0,0,https://x.com/undefined/status/1972541487041941504,1944184428336652288,
1972527964794568792,Mon Sep 29 05:04:49 +0000 2025,0,Gue yg insomnia karena perubahan pola tidur karena shift malam dan selalu tidur pagi apa kabar dah,1972527964794568792,,,in,,0,0,0,https://x.com/undefined/status/1972527964794568792,1202817678,
1972527129150754978,Mon Sep 29 05:01:30 +0000 2025,0,Yang insomnia itu gimana jig,1972527129150754978,,,in,,0,0,0,https://x.com/undefined/status/1972527129150754978,1766479507484299264,
1972526463007248405,Mon Sep 29 04:58:51 +0000 2025,0,Wah gila ketikan lu jahat banget lu gak tahu yaa rasanya ovt insomnia cemas i was there in that situation dan buat sembuh tuh gak segampang yang lu pikir anjir. Itu kenapa member try to make he feel comfort and try to build his confident,1972526463007248405,,,in,,0,0,0,https://x.com/undefined/status/1972526463007248405,1414706713,
1972345261843509657,Mon Sep 29 04:50:39 +0000 2025,55,Tart cherry baru first bottle tapi nak habis dah kalau ada insomnia ringan please try minum tidur lagi lena tau. Boleh jugak bantu kurangkan keradangan/sakit otot turunkan paras uric acid &amp; gout baik untuk jantung &amp; tingkatkan imuniti. ️ https://t.co/st117rBZo2 https://t.co/e7g4YTha82,1972524400294727984,https://pbs.twimg.com/media/G1_Qel4agAAnHpd.jpg,middlepipol,in,,0,1,52,https://x.com/undefined/status/1972524400294727984,928286504991854592,
1972523951646769257,Mon Sep 29 04:48:52 +0000 2025,0,Capek banget insomnia sedih bgt baru bisa tidur jam 3 ke bawah ,1972523951646769257,,,in,,0,0,0,https://x.com/undefined/status/1972523951646769257,1625008600082186240,
1972345261843509657,Mon Sep 29 04:46:08 +0000 2025,75,Konsisten consume magnesium glycinate say no more to otak bising &amp; badan penat. Anxious? Overthinking? Insomnia? NO MOREEE!!! Badan jadi lagi tense &amp; fresh 3 BULAN JEEE PLEASE CONSUME 3 BULAN JEE even pharmacist pun berharap benda yang sama tau ️ https://t.co/zO8GLJCSHJ https://t.co/NfTqR68Z0I,1972523264393220368,https://pbs.twimg.com/media/G1_PcyqaMAAQJ_T.jpg,middlepipol,in,,0,1,64,https://x.com/undefined/status/1972523264393220368,928286504991854592,
1972519418455642185,Mon Sep 29 04:30:51 +0000 2025,0,Yg insomnia nyimak aja,1972519418455642185,,,in,,0,0,0,https://x.com/undefined/status/1972519418455642185,1597529019125145600,
1972512433156812938,Mon Sep 29 04:03:06 +0000 2025,0,kalo tengah malam insomnia malah session planning hidup sampai krisis eksistensial,1972512433156812938,,,in,,0,0,0,https://x.com/undefined/status/1972512433156812938,1933665417823948800,
1972503963586187442,Mon Sep 29 03:29:26 +0000 2025,0,Gw jujur gakkan mau ambil karena itu pasti bisa jadi bahan blackmailing. Gw udah punya insomnia apalagi nerima duit panas kayak gini,1972503963586187442,,,in,,0,0,0,https://x.com/undefined/status/1972503963586187442,1361422247978704896,
1821796373471379919,Mon Sep 29 03:10:26 +0000 2025,0,Accidentally Added a Wealthy Old Man by Song Jiuyin 100ch Drama School Life Yaoi HE Age gap 10 tahun. Diabaikan oleh keluarga angkatnya dan dibuang oleh keluarga kandungnya menjadi penyebab MC insomnia. MC hanya bisa tidur jika ML membacakannya cerita dongeng. https://t.co/fx2Tp6jLRP,1972499179374293450,https://pbs.twimg.com/media/G1-4jMZaIAAecah.jpg,erightta,in,,0,1,0,https://x.com/undefined/status/1972499179374293450,1072079156140158976,
1972191823528710230,Mon Sep 29 02:50:22 +0000 2025,0,@UpiRaharjo @OngkoRobby12198 @xendless_s Gue masa remaja yang sering begadang krna ngoding nyengir doang bro.. banyak kasus insomnia pada remaja.,1972494129335775602,,UpiRaharjo,in,,0,0,0,https://x.com/undefined/status/1972494129335775602,2717631716,
1972485451950026933,Mon Sep 29 02:15:53 +0000 2025,1,oalah ming ming semoga ga di rujak pas insomnia zero yh kmu,1972485451950026933,,,in,,0,0,0,https://x.com/undefined/status/1972485451950026933,1527144674913562624,
1972471306605215887,Mon Sep 29 01:19:40 +0000 2025,3,Insomnia ini membunuhku Kapan bisa tidur nyenyak lagi kek dl yaaa...,1972471306605215887,,,in,,0,0,0,https://x.com/undefined/status/1972471306605215887,1423672130634354689,
1972470806845481324,Mon Sep 29 01:17:41 +0000 2025,0,ada yg namanya insomnia om,1972470806845481324,,,in,,0,0,0,https://x.com/undefined/status/1972470806845481324,1153315392871260160,
1972191823528710230,Mon Sep 29 01:14:15 +0000 2025,0,@UpiRaharjo @semurbetawi_ @xendless_s emang remaja ga ada yg insomnia?,1972469943263429050,,UpiRaharjo,in,,0,0,0,https://x.com/undefined/status/1972469943263429050,1014545373581328385,
1972468283652899194,Mon Sep 29 01:07:40 +0000 2025,0,Tertidur hanya untuk bermimpi hal yang tidak baik sepertinya menjadi insomnia lebih menarik. Apalagi jadi surya insomnia,1972468283652899194,,,in,,0,0,0,https://x.com/undefined/status/1972468283652899194,1216172868855156736,
1972463610178973874,Mon Sep 29 00:49:05 +0000 2025,0,Promosi last dance minggu pertama udah kelar semoga minggu kedua dapet insomnia live band https://t.co/z4Z3bysttd,1972463610178973874,https://pbs.twimg.com/tweet_video_thumb/G1-ZMd3awAArSnk.jpg,,in,,0,0,0,https://x.com/undefined/status/1972463610178973874,1140105956124024832,
1972191823528710230,Mon Sep 29 00:26:27 +0000 2025,0,@pujonoimam @xendless_s Pernyataan Kepala BNN itu menyoroti salah satu tanda potensial paparan narkoba pada remaja tapi pola tidur malam-aktif dan pagi-tidur bisa disebabkan faktor lain seperti belajar kerja shift atau insomnia. Jangan buru-buru simpulkan perhatikan tanda lain seperti perubahan,1972457913869533382,,pujonoimam,in,,0,0,0,https://x.com/undefined/status/1972457913869533382,1720665183188922368,
1972456706459553830,Mon Sep 29 00:21:39 +0000 2025,0,gue yg insomnia ini kek penyabu kah,1972456706459553830,,,in,,0,0,0,https://x.com/undefined/status/1972456706459553830,2238379328,
1972450201077207546,Sun Sep 28 23:55:48 +0000 2025,0,waduh gw pelaku tapi lingkungan gw emang pada suka minjem duit. jadi gw sengaja.,1972450201077207546,,,in,,0,0,0,https://x.com/undefined/status/1972450201077207546,765859339416457218,
1972447468974645446,Sun Sep 28 23:44:57 +0000 2025,0,Anjir pekerja shift malam dibilang make orang insomnia dibilang make . Kalo ngomong itu dipikir dulu mas.,1972447468974645446,,,in,,0,0,0,https://x.com/undefined/status/1972447468974645446,1595550894,
1972191823528710230,Sun Sep 28 23:07:18 +0000 2025,0,@xendless_s Pemuda bikin lamaran kerja latihan interview sampai malam pas interview gagal karena requirementnya yang aneh aneh agak depresi insomnia pagi baru bisa tidur (kamu narkoboy) ,1972437991709880409,,xendless_s,in,,0,0,0,https://x.com/undefined/status/1972437991709880409,2186482597,
1972191823528710230,Sun Sep 28 22:36:09 +0000 2025,0,@kiaipetruk @xendless_s Tidak sepenuhnya benar. Menurut Kepala BNN pola aktif malam dan tidur pagi bisa jadi salah satu tanda remaja terpapar narkoba terutama stimulan yang sebabkan insomnia. Namun banyak remaja alami ini karena perubahan hormon alami sekolah atau layar gadget. Bukan tanda pasti;,1972430155751825847,,kiaipetruk,in,,0,0,0,https://x.com/undefined/status/1972430155751825847,1720665183188922368,
1972191823528710230,Sun Sep 28 22:33:34 +0000 2025,0,@xendless_s Insomnia gmn nih... ,1972429503285838243,,xendless_s,in,,0,0,0,https://x.com/undefined/status/1972429503285838243,98600753,
1972413223069757717,Sun Sep 28 22:00:06 +0000 2025,0,@seisuiro Insomnia kah??,1972421083606511917,,seisuiro,in,,0,1,0,https://x.com/undefined/status/1972421083606511917,1870852866929524737,
1972419722990977397,Sun Sep 28 21:54:42 +0000 2025,1,Been struggling with insomnia lately 2 3 days no sleep terus kalau tidur cuma sejam langsung kebangun lagi ,1972419722990977397,,,in,,0,0,0,https://x.com/undefined/status/1972419722990977397,1008771721313128448,
1972404171946263036,Sun Sep 28 20:52:54 +0000 2025,0,capek banget punya insomnia kaya gini,1972404171946263036,,,in,,0,0,0,https://x.com/undefined/status/1972404171946263036,285911853,
1972398724929429785,Sun Sep 28 20:31:16 +0000 2025,3,Haris Rauf Allah kry Tumhy insomnia ho jaye hnri neend barbad krdi hai :(,1972398724929429785,,,in,,0,0,0,https://x.com/undefined/status/1972398724929429785,745557428582813696,
1972397675321688150,Sun Sep 28 20:27:05 +0000 2025,4,memanfaatkan insomnia dengan membuat ilustrasi mbg (makan beracun gratis) https://t.co/Kp9VvvotT8,1972397675321688150,https://pbs.twimg.com/media/G19c-vQaMAAhHXb.jpg,,in,,0,1,0,https://x.com/undefined/status/1972397675321688150,1412899381813018632,
1972395409181171949,Sun Sep 28 20:18:05 +0000 2025,0,Apa yang kamu harapin dari orang insomnia,1972395409181171949,,,in,,0,0,0,https://x.com/undefined/status/1972395409181171949,3194885332,
1972390824433631412,Sun Sep 28 19:59:52 +0000 2025,0,Bingung dah.. Insomnia tapi kepikiran buat baca ulang au ini.. Setan pojok kamar gue juga ketawa kali..,1972390824433631412,,,in,,0,0,0,https://x.com/undefined/status/1972390824433631412,1788232842184691713,
1972388751986090413,Sun Sep 28 19:51:38 +0000 2025,0,Badan dan mata terlampau lelah tapi untuk istirahat aja ga bisa :( Gimana ya ngatasin insomnia,1972388751986090413,,,in,,0,0,0,https://x.com/undefined/status/1972388751986090413,1113377502120910848,
1972386241481203749,Sun Sep 28 19:41:39 +0000 2025,2,Ahhh insomnia nya kambuh daritadi udah coba berbagai gaya tidur tetap gabisa tidur juga,1972386241481203749,,,in,,0,0,0,https://x.com/undefined/status/1972386241481203749,706763498,
1972383026647908563,Sun Sep 28 19:28:53 +0000 2025,0,Kalo menurut logika beliau orang yang kena insomnia pun juga dikatain terpapar narkoba. Noted pak!! Bapak tolol nya kebangetan ,1972383026647908563,,,in,,0,0,0,https://x.com/undefined/status/1972383026647908563,225722861,
1972156793133650137,Sun Sep 28 18:57:20 +0000 2025,1,@Komur_rr Film kitap,1972375085848957391,,Komur_rr,in,,0,0,0,https://x.com/undefined/status/1972375085848957391,1969190508896407552,
1972374616804123084,Sun Sep 28 18:55:28 +0000 2025,0,gbisa tdr woii insomnia kambuh,1972374616804123084,,,in,,0,0,0,https://x.com/undefined/status/1972374616804123084,1638336425350553601,
1972366462624104840,Sun Sep 28 18:28:37 +0000 2025,0,@sertsessiz777 Peki:),1972367861873275274,,sertsessiz777,tr,,0,0,0,https://x.com/undefined/status/1972367861873275274,1969190508896407552,
1972367465025040577,Sun Sep 28 18:27:03 +0000 2025,0,Ab 10 chahiye 6 ball mein https://t.co/kOp8ZYOxW3,1972367465025040577,https://pbs.twimg.com/tweet_video_thumb/G19BvpkW0AAThgT.jpg,,in,,0,0,0,https://x.com/undefined/status/1972367465025040577,1849014076351127552,
1972367332413706375,Sun Sep 28 18:26:31 +0000 2025,0,KYA BHAI KYAAAAAAAAAA https://t.co/JUrROOK39M,1972367332413706375,https://pbs.twimg.com/tweet_video_thumb/G19BoKfXAAAtjFe.jpg,,hi,,0,0,0,https://x.com/undefined/status/1972367332413706375,1849014076351127552,
1972366861028491424,Sun Sep 28 18:24:39 +0000 2025,1,10 MEI 8 BKL,1972366861028491424,,,in,,0,0,0,https://x.com/undefined/status/1972366861028491424,1849014076351127552,
1972364660176568527,Sun Sep 28 18:19:30 +0000 2025,0,@taekookbb07 Iska taang pe danda maar denge,1972365565177319651,,taekookbb07,in,,0,1,0,https://x.com/undefined/status/1972365565177319651,1849014076351127552,
1972364660176568527,Sun Sep 28 18:16:59 +0000 2025,0,@taekookbb07 Bathroom ho jayega mereko https://t.co/FngZTQJrMN,1972364934110679293,https://pbs.twimg.com/media/G18_c4_XAAAu8MU.png,taekookbb07,in,,0,1,0,https://x.com/undefined/status/1972364934110679293,1849014076351127552,
1972363492629139711,Sun Sep 28 18:11:16 +0000 2025,0,Semoga insomnia ku sembuh,1972363492629139711,,,in,,0,0,0,https://x.com/undefined/status/1972363492629139711,1470564526391115777,
1972359290574053408,Sun Sep 28 18:08:10 +0000 2025,1,@cryptoiz_IDN Pak sama insomnia dari kecil gimana pak,1972362713545453873,,cryptoiz_IDN,in,,0,1,0,https://x.com/undefined/status/1972362713545453873,1746816029173682177,
1972362253090558045,Sun Sep 28 18:06:20 +0000 2025,0,1-1 run lega toh hogaya match gaandu log https://t.co/NCKP1VrzfX,1972362253090558045,https://pbs.twimg.com/tweet_video_thumb/G189ASbXMAAml7M.jpg,,in,,0,0,0,https://x.com/undefined/status/1972362253090558045,1849014076351127552,
1972361505325908317,Sun Sep 28 18:03:22 +0000 2025,0,35-23 hogaya bhai bp badh raha https://t.co/GnUY0Bn40D,1972361505325908317,https://pbs.twimg.com/tweet_video_thumb/G188U4rWYAANP36.jpg,,in,,0,0,0,https://x.com/undefined/status/1972361505325908317,1849014076351127552,
1972340544035750212,Sun Sep 28 17:57:15 +0000 2025,0,@twevetr Mmm kakinya,1972359967287214343,,twevetr,tl,,1,0,0,https://x.com/undefined/status/1972359967287214343,1781223220047380480,
1972330925506900371,Sun Sep 28 17:57:03 +0000 2025,0,@twevetr Bisa baca pikiran orang,1972359914749403156,,twevetr,in,,0,0,0,https://x.com/undefined/status/1972359914749403156,1781223220047380480,
1972354373520158898,Sun Sep 28 17:35:01 +0000 2025,0,Senin baru jalan TL rame Mikel Merino ada #NiteLy buat yang insomnia terus MAKE CRIME ILLEGAL AGAIN nongol random banget https://t.co/B9qkeLybsx,1972354373520158898,https://pbs.twimg.com/media/G1811LFbYAAH9ws.jpg,,in,,0,1,0,https://x.com/undefined/status/1972354373520158898,1945077549547315202,
1972353851048243211,Sun Sep 28 17:32:57 +0000 2025,4,Drinks break mei sabko Daru pila do boundary aayega https://t.co/Wysdoa1vde,1972353851048243211,https://pbs.twimg.com/tweet_video_thumb/G181XX4XYAALYff.jpg,,in,,0,2,0,https://x.com/undefined/status/1972353851048243211,1849014076351127552,
1972352392806174724,Sun Sep 28 17:27:09 +0000 2025,2,Boundary nai aaya na kisi ucchi building pe chadh jayenge ab https://t.co/DyQkQFTn5p,1972352392806174724,https://pbs.twimg.com/tweet_video_thumb/G180CXUWgAAc410.jpg,,in,,0,0,0,https://x.com/undefined/status/1972352392806174724,1849014076351127552,
1972191823528710230,Sun Sep 28 17:08:46 +0000 2025,0,@xendless_s Atau karna banyak pikiran dan kena insomnia berat! Like bruh banget nggak sih! Jadi apa? Gue Insomnia berat dari SD dan punya hubungan love hate relationship dengan tidur sekarang dituduh using drugs!? ,1972347765851373852,,xendless_s,in,,0,0,0,https://x.com/undefined/status/1972347765851373852,1102663222291718144,
1972346400592838981,Sun Sep 28 17:03:20 +0000 2025,5,Gak setiap insomnia bisa diselesaikan dengan coli kan?,1972346400592838981,,,in,,0,3,0,https://x.com/undefined/status/1972346400592838981,1378570415614791681,
1972344897861550507,Sun Sep 28 16:59:44 +0000 2025,0,@kirikkurbaacagi Harika :),1972345492563734710,,kirikkurbaacagi,in,,0,0,0,https://x.com/undefined/status/1972345492563734710,1969190508896407552,
1972343292445798825,Sun Sep 28 16:50:59 +0000 2025,2,inget besok ada jam pagi tapi insomnia masalahnya,1972343292445798825,,,in,,0,0,0,https://x.com/undefined/status/1972343292445798825,1553638303198756865,
1972341355642007629,Sun Sep 28 16:43:18 +0000 2025,0,mulai insomnia lagi,1972341355642007629,,,in,,0,0,0,https://x.com/undefined/status/1972341355642007629,1301541261795442688,
1972191823528710230,Sun Sep 28 16:12:15 +0000 2025,421,@xendless_s BNN belajar lagii yaa saya mempelajari narkotika dan semua itu gabisa diukur semudah dan sebatas itu saja yaa. Seseorang aktif pada malam hari dan susah tidur itu bisa jadi gejala insomnia dan gangguan kepribadian kek kecemasan depresi dll. Kedua bisa jadi karena dia kerja-,1972333541842387416,,xendless_s,in,,1,20,36,https://x.com/undefined/status/1972333541842387416,725224237,
1972333535760683028,Sun Sep 28 16:12:13 +0000 2025,0,Insomnia akhirnya play ini https://t.co/NnRNTvRmQb,1972333535760683028,https://pbs.twimg.com/media/G18i5R2aAAA4at8.jpg,,in,,0,0,0,https://x.com/undefined/status/1972333535760683028,1036630387626131458,
1972191823528710230,Sun Sep 28 16:11:11 +0000 2025,11,@xendless_s Gatau yg namanya insomnia? Ga liat banyak yang kerja cari nafkah buat keluarga meskipun harus kerja malem? Kena shift ngojol jd sopir muatan barang? Goblog,1972333274681970907,,xendless_s,in,,0,1,1,https://x.com/undefined/status/1972333274681970907,1117378462287683584,
1972327499163140599,Sun Sep 28 15:48:14 +0000 2025,0,pengen aju nice lagihhh PCD never ending saga wlpn kena brain fog short term memory loss pas kongser sebong msh ngumpulin puzzle yg kelupaan gara² 1 mingguan kena insomnia parahh cuma tidur 2-3 jam doankk untungnya gak tumbang ,1972327499163140599,,,in,,0,0,0,https://x.com/undefined/status/1972327499163140599,595163548,
1972327175572570169,Sun Sep 28 15:46:57 +0000 2025,0,Semoga ramai malam ini #kemangraya https://t.co/ZzuMatbXMR,1972327175572570169,https://pbs.twimg.com/ext_tw_video_thumb/1972326910241001472/pu/img/b_8Frq4KX_HQw5Sn.jpg,,in,,0,0,0,https://x.com/undefined/status/1972327175572570169,1781223220047380480,
1972326831845151219,Sun Sep 28 15:45:35 +0000 2025,0,demi alek pls insomnia di album solo kedua u seng pls bgt inimah,1972326831845151219,,,in,,0,0,0,https://x.com/undefined/status/1972326831845151219,1928420695375282176,
1968541194238976453,Sun Sep 28 15:19:44 +0000 2025,0,@kyungmiaw @Jihvoon @twsyoungjaee akaoakaoak kocakkk.. insomnia dia,1972320328090354094,,kyungmiaw,in,,0,1,0,https://x.com/undefined/status/1972320328090354094,1823913347605225472,
1972116764571193539,Sun Sep 28 15:11:14 +0000 2025,0,@ilhampurnama887 Malam mencekam Semakin malam semakin mencekam Insomnia 7 hari 7 malam,1972318188680671715,,ilhampurnama887,in,,0,1,0,https://x.com/undefined/status/1972318188680671715,1764303093779636224,
1972314038588842185,Sun Sep 28 14:54:45 +0000 2025,1,Insomnia ho gaya hai,1972314038588842185,,,in,,0,1,0,https://x.com/undefined/status/1972314038588842185,1557391254559662082,
1972302571571446184,Sun Sep 28 14:42:13 +0000 2025,0,@insomnia_0201 @thisismaytryin IKIK,1972310885248172427,,insomnia_0201,tl,,0,1,0,https://x.com/undefined/status/1972310885248172427,4226103919,
1972302447994671285,Sun Sep 28 14:08:41 +0000 2025,0,Hari minggu seorang ojol https://t.co/HyTvuAXIBU,1972302447994671285,https://pbs.twimg.com/ext_tw_video_thumb/1972302181526384640/pu/img/QbFHPO5G9JjQrPGa.jpg,,in,,0,0,0,https://x.com/undefined/status/1972302447994671285,1781223220047380480,
1972259229886197999,Sun Sep 28 13:59:14 +0000 2025,0,@imajinasop Gemanin bacaan aku pertama kali kenal km dan pettama kali juga aku ngumpat tiap kali baca wkwkwkw .. jadi inget dlu waktu insomnia parah baca gemanin malah sakit kepala ,1972300067282530367,,imajinasop,in,,0,0,0,https://x.com/undefined/status/1972300067282530367,3142872151,
1972298162003120590,Sun Sep 28 13:51:40 +0000 2025,4,Na drustilo pk eppatikii secular eh,1972298162003120590,,,in,,0,0,0,https://x.com/undefined/status/1972298162003120590,1501112161635995656,
1971874276266721302,Sun Sep 28 13:51:23 +0000 2025,0,@bencijadiwni @FOOD_FESS gue aja udah insomnia ga bakal gue cobain,1972298093644394682,,bencijadiwni,in,,0,0,0,https://x.com/undefined/status/1972298093644394682,1121099011908194304,
1972295793437786152,Sun Sep 28 13:42:15 +0000 2025,0,Katamarayudu ,1972295793437786152,,,in,,0,3,0,https://x.com/undefined/status/1972295793437786152,1501112161635995656,
1972286322267341302,Sun Sep 28 13:19:59 +0000 2025,0,@ppiggggggyyy What is murukuu ,1972290189784695228,,ppiggggggyyy,et,,0,1,0,https://x.com/undefined/status/1972290189784695228,1501112161635995656,
1971091533198991554,Sun Sep 28 12:52:11 +0000 2025,0,@bchrulm Sisa yang kuning XL,1972283195967348987,,bchrulm,in,,0,0,0,https://x.com/undefined/status/1972283195967348987,52029529,
1972273950412738620,Sun Sep 28 12:15:27 +0000 2025,0,sekarang kerja bagian malem. tapi gw nya ngantuk. berangkat jangan ya.,1972273950412738620,,,in,,0,0,0,https://x.com/undefined/status/1972273950412738620,765859339416457218,
1972001387279212961,Sun Sep 28 12:04:35 +0000 2025,0,@sung_hanbeen padahal b side nya enak loh kaya doctor doctor insomnia take my hand and i ,1972271216129184080,,sung_hanbeen,in,,0,1,0,https://x.com/undefined/status/1972271216129184080,1814710728500371456,
1971091533198991554,Sun Sep 28 11:48:09 +0000 2025,0,@adit_insomnia size nya ?,1972267078305616378,,adit_insomnia,tl,,0,1,0,https://x.com/undefined/status/1972267078305616378,4023205993,
1972193828263342110,Sun Sep 28 11:47:16 +0000 2025,0,@adit_insomnia september s nya apa ? si emyu kalah lagi,1972266855952998671,,adit_insomnia,in,,0,0,0,https://x.com/undefined/status/1972266855952998671,4023205993,
1972266755801464928,Sun Sep 28 11:46:52 +0000 2025,0,pakan singa.,1972266755801464928,,,in,,0,0,0,https://x.com/undefined/status/1972266755801464928,765859339416457218,
1972231403900137815,Sun Sep 28 11:44:31 +0000 2025,0,@moviemnfs Stellan dari film Insomnia,1972266163993489787,,moviemnfs,in,,0,0,0,https://x.com/undefined/status/1972266163993489787,310684504,
1972266163460886873,Sun Sep 28 11:44:30 +0000 2025,2,7.9/10 insomnia after school nyaman aja nontonnya romance ringan yang jalan ceritanya lambat https://t.co/m5wHrNjL6K,1972266163460886873,https://pbs.twimg.com/media/G17ln7JawAAWiwr.jpg,,in,,0,2,0,https://x.com/undefined/status/1972266163460886873,1931532310849146881,
1972265548521382193,Sun Sep 28 11:42:04 +0000 2025,0,IH TAPI INSOMNIA JUGA BAGUSSS!!!!,1972265548521382193,,,in,,0,0,0,https://x.com/undefined/status/1972265548521382193,1566333148564455424,
1972260131124777415,Sun Sep 28 11:20:32 +0000 2025,0,kelebihan informasi ga bagus juga kadang jadi pedang bermata 2. ngerusak mental.,1972260131124777415,,,in,,0,0,0,https://x.com/undefined/status/1972260131124777415,765859339416457218,
1972259018703032774,Sun Sep 28 11:16:07 +0000 2025,0,[PAKET INSOMNIA] 3 Botol Fitmeup Varian Relax - Atasi Insomnia - Tidur Pulas - Bikin Badan Relax https://t.co/opjFWsqq78,1972259018703032774,,,in,,0,0,0,https://x.com/undefined/status/1972259018703032774,82666759,
1972257013116907963,Sun Sep 28 11:08:09 +0000 2025,0,serba serbi hidup di konoha. ada aja terobosannya. melarang tapi gak ngasih solusi. babi2 istana ini digaji cuma buat nyusahin. mana kegedean pula gajinya.,1972257013116907963,,,in,,0,0,0,https://x.com/undefined/status/1972257013116907963,765859339416457218,
1972244708593439122,Sun Sep 28 10:53:33 +0000 2025,0,@Ex_insomnia Kan ini dipake jadi lauk makan yg gak ada bergizi nya untuk bumil,1972253338306830466,,Ex_insomnia,in,,0,0,0,https://x.com/undefined/status/1972253338306830466,1174587440704524288,
1972253152184598534,Sun Sep 28 10:52:48 +0000 2025,0,5 Potret Keseruan Tyara Renata dan Surya Insomnia Liburan Renang hingga Motoran Bareng Anak https://t.co/xbATYbAewr,1972253152184598534,,,in,,0,0,0,https://x.com/undefined/status/1972253152184598534,864334585860980737,
1971936179991019622,Sun Sep 28 10:51:00 +0000 2025,0,@BlueHooligan___ anjir garede ambek bobotoh mah ,1972252695798108555,,BlueHooligan___,in,,0,0,0,https://x.com/undefined/status/1972252695798108555,765859339416457218,
1972244708593439122,Sun Sep 28 10:45:41 +0000 2025,0,@blessedorbit 10 rebu uang sekali jajan aku beli keripik2an d warung.,1972251359299911958,,blessedorbit,in,,0,1,0,https://x.com/undefined/status/1972251359299911958,765859339416457218,
1972135135614005642,Sun Sep 28 09:47:57 +0000 2025,2,@phi1dunphy @insomnia_clips @hikaripulse @roblox_fess combo body bayi TAPI dandanan biduan bukan bayi doang. kalo body bayi dan dadanan imut/bayi juga ya senada. ga ada yang komenin itu. -1 reading comprehension.,1972236830830637233,,phi1dunphy,in,,0,1,0,https://x.com/undefined/status/1972236830830637233,1634621142920228865,
1972227895675527262,Sun Sep 28 09:12:27 +0000 2025,0,gw gak mau nipu diri gw sendiri.,1972227895675527262,,,in,,0,0,0,https://x.com/undefined/status/1972227895675527262,765859339416457218,
1972218362035163316,Sun Sep 28 08:34:34 +0000 2025,0,Solusi Insomnia Susah Tidur Meningkatkan Kualitas Tidur. Permen jeli harga Rp69.999. https://t.co/SkJn49qGWn https://t.co/O5kS6tTpz4,1972218362035163316,https://pbs.twimg.com/media/G166JbCacAAdbzh.jpg,,in,,0,0,0,https://x.com/undefined/status/1972218362035163316,1725176348249833472,
1972202876090175541,Sun Sep 28 08:11:49 +0000 2025,0,@Amiwithbts7 Mere ghar,1972212639301620190,,Amiwithbts7,in,,0,1,0,https://x.com/undefined/status/1972212639301620190,1849014076351127552,
1972210090083340407,Sun Sep 28 08:01:42 +0000 2025,0,Di jual rumah di Jeruk Purut Jakarta Selatan Spesifikasi rumah : Luas tanah : 1.111 m² Luas bangunan : 348 m² Kamar utama : 3 Kamar art : 2 Kamar mandi : 3 Dapur : 2 Ruang tamu : 1 Ruang keluarga : 1 Ruang makan : 1 Parkir mobil Listrik : 7.700 Watt Air sumur pompa. https://t.co/h1kPF7G7Lg,1972210090083340407,https://pbs.twimg.com/media/G16yngwbAAARjMZ.jpg,,in,,1,0,0,https://x.com/undefined/status/1972210090083340407,1781223220047380480,
1972192904329548243,Sun Sep 28 07:57:07 +0000 2025,0,@Ex_insomnia aman berarti ya ok deh,1972208938788835433,,Ex_insomnia,in,,0,0,0,https://x.com/undefined/status/1972208938788835433,1292413757897846784,
1972180380695576855,Sun Sep 28 07:34:53 +0000 2025,0,@znvnnie Siang,1972203344581329293,,znvnnie,in,,0,0,0,https://x.com/undefined/status/1972203344581329293,1781223220047380480,
1972192904329548243,Sun Sep 28 07:10:05 +0000 2025,0,@berrybluszh mendung doang,1972197102097965349,,berrybluszh,in,,0,1,0,https://x.com/undefined/status/1972197102097965349,765859339416457218,
1972196877518229760,Sun Sep 28 07:09:11 +0000 2025,0,kok dana gak bisa ngirim ke shoope pay ya ?,1972196877518229760,,,in,,0,0,0,https://x.com/undefined/status/1972196877518229760,765859339416457218,
1972190435230863536,Sun Sep 28 07:09:05 +0000 2025,0,@aiakakiaki Weh spill aku yg punya insomnia ini need it,1972196848795635881,,aiakakiaki,in,,0,1,0,https://x.com/undefined/status/1972196848795635881,1089385640548954112,
1972193828263342110,Sun Sep 28 06:57:04 +0000 2025,8,Amorim cocok sih jadi pejabat di Indonesia.,1972193828263342110,,,in,,1,1,4,https://x.com/undefined/status/1972193828263342110,52029529,
1972191456573235603,Sun Sep 28 06:47:39 +0000 2025,0,Tt-tapi insomnia juga bagus chan smpe gue gak prnh lupa klo ada itu lagu :((,1972191456573235603,,,in,,0,0,0,https://x.com/undefined/status/1972191456573235603,1091856492632756224,
1972184865434226924,Sun Sep 28 06:21:27 +0000 2025,0,jalan-jalan cari angin https://t.co/dgK23sagW7,1972184865434226924,https://pbs.twimg.com/media/G16botxb0AAOMDI.jpg,,in,,0,0,0,https://x.com/undefined/status/1972184865434226924,765859339416457218,
1972179759036879263,Sun Sep 28 06:01:10 +0000 2025,0,Sejenak aku lupa ada insomnia ,1972179759036879263,,,in,,0,0,0,https://x.com/undefined/status/1972179759036879263,1712678699785699328,
1972178797626872213,Sun Sep 28 05:57:21 +0000 2025,0,Lapar... jalan dulu nyari penumpang biar bisa makan.. bismillah. Semoga dicukupkan rejekinya hari ini.. hehehe apa itu tanggalan merah dan akhir pekan..,1972178797626872213,,,in,,0,0,0,https://x.com/undefined/status/1972178797626872213,1781223220047380480,
1972132739232285042,Sun Sep 28 05:52:24 +0000 2025,0,@nina_cn11 Ssmangat dan jangan lupa makan siang,1972177551142670665,,nina_cn11,in,,0,0,0,https://x.com/undefined/status/1972177551142670665,1781223220047380480,
1972135135614005642,Sun Sep 28 05:30:11 +0000 2025,3,@hikaripulse @insomnia_clips @roblox_fess mjb itu bukan dibuka resletingnya body mini kan udah sekalian ada cd nya. kalo dipakein baju klasik cd-nya tembus makanya jadi kaya gitu,1972171961188208813,,hikaripulse,in,,0,0,0,https://x.com/undefined/status/1972171961188208813,534943869,
1972135135614005642,Sun Sep 28 05:21:11 +0000 2025,0,@insomnia_clips @roblox_fess itu resletingnya kenapa dibuka ,1972169695861395964,,insomnia_clips,in,,0,1,0,https://x.com/undefined/status/1972169695861395964,1409728166,
1972135135614005642,Sun Sep 28 04:59:59 +0000 2025,2,@insomnia_clips @roblox_fess itu fungsi CD lingerie merah diluar buat apaan? ,1972164363248455970,,insomnia_clips,in,,0,1,0,https://x.com/undefined/status/1972164363248455970,1409728166,
1972135135614005642,Sun Sep 28 04:57:01 +0000 2025,0,@insomnia_clips @hikaripulse @roblox_fess Ini mah gak toomuch kek punya sender masih relate,1972163614728770026,,insomnia_clips,in,,0,0,0,https://x.com/undefined/status/1972163614728770026,1556662683189260288,
1972154396021826010,Sun Sep 28 04:20:23 +0000 2025,0,Lah yeoboku kpopers wkwk. Insomnia once uaena suka tripleS. Semuanya d suka sma dia smpai beli albumnya jga wkwk klau skrang udh nggk wota lgi udh pensiun,1972154396021826010,,,in,,0,0,0,https://x.com/undefined/status/1972154396021826010,2791480328,
1972140371380732273,Sun Sep 28 04:17:10 +0000 2025,0,Surya insomnia mirip Joss wayar cok JOSSGAWIN INVINCIBLE #JossGawinFancon,1972153588463108240,,loveguavacherry,in,,0,0,0,https://x.com/undefined/status/1972153588463108240,1300954669582184448,
1972149826730315945,Sun Sep 28 04:02:14 +0000 2025,0,Nggaaaaa insomnia juga bagus sayangggg,1972149826730315945,,,in,,0,0,0,https://x.com/undefined/status/1972149826730315945,1809612649321361411,
1972133139540771025,Sun Sep 28 02:55:55 +0000 2025,3,insomnia gang,1972133139540771025,,,in,,0,0,0,https://x.com/undefined/status/1972133139540771025,210621000,
1935293013783416990,Sun Sep 28 02:13:50 +0000 2025,0,@vivzeuna Woiya dong. Kalau nggak cakep nanti mana mungkin InSomnia terus terpikat ke aku. Tujuan muliaku adalah biar mereka terus setia sama kami. Nggak bakalan ngejar kok! Kamu yang tendang nanti aku pegangin tali kekangnya biar nggak ngejar kamu (risiko ditanggung pribadi).,1972122550626144531,,vivzeuna,in,,0,1,0,https://x.com/undefined/status/1972122550626144531,1304775633076011008,
1972114832033042572,Sun Sep 28 01:43:10 +0000 2025,6,Ada yang takut haechan selama hiatus nggak bisa ngelakuin hobinya tenang aja ini lee haechan banyak hal yang bisa dia lakuin semoga kalian nggak lupa gimana insomnia bisa kebentuk. Setelah ini kita bakal ketemu lee haechan yang lebih kuat lebih berani jadi ayo sembuh bareng,1972114832033042572,,,in,,0,0,0,https://x.com/undefined/status/1972114832033042572,1720424232407224320,
1972106646798455136,Sun Sep 28 01:10:39 +0000 2025,0,aku akhir2 ini insomnia tapi semangat ngopi nya gapernah pudar,1972106646798455136,,,in,,0,0,0,https://x.com/undefined/status/1972106646798455136,3281141762,
1972105225206141201,Sun Sep 28 01:05:00 +0000 2025,1,Ngga Chan. Gua butuh lagu Insomnia buat nemenin begadang ya,1972105225206141201,,,in,,0,0,0,https://x.com/undefined/status/1972105225206141201,1491333825691291648,
1972102884637790273,Sun Sep 28 00:55:42 +0000 2025,1,km release sendiri aja bisa gak sih chan itu insomnia aku suka banget tau mana full eng jadi cepet hafalnya :(,1972102884637790273,,,in,,0,0,0,https://x.com/undefined/status/1972102884637790273,1563413748899270657,
1972085298688675940,Sat Sep 27 23:45:49 +0000 2025,0,Bertahun-tahun insomnia. Pas pindah ke jkt ga pernahh lagi. Wow... alhamdulillah banget jam 9 udah ngantuk ,1972085298688675940,,,in,,0,0,0,https://x.com/undefined/status/1972085298688675940,1097870240921182209,
1972080509426803006,Sat Sep 27 23:26:47 +0000 2025,0,Percaya banget. Bikin rambut rontok parah jerawatan insomnia parah kena meniere maagh dan terakhir kena gastroenteritis ,1972080509426803006,,,in,,0,0,0,https://x.com/undefined/status/1972080509426803006,1598235023014244352,
1972069266280366488,Sat Sep 27 22:42:07 +0000 2025,0,Oiyaaa dulu pernah janjiin insomnia juga ya bang,1972069266280366488,,,in,,0,0,0,https://x.com/undefined/status/1972069266280366488,1182999619409567747,
1972066783411818508,Sat Sep 27 22:32:15 +0000 2025,0,tapi insomnia seenak itu cuy,1972066783411818508,,,in,,0,0,0,https://x.com/undefined/status/1972066783411818508,1252021006979313664,
1972061325544333682,Sat Sep 27 22:10:33 +0000 2025,0,IYA tapi ttp kita pengen insomnia juga ,1972061325544333682,,,in,,0,0,0,https://x.com/undefined/status/1972061325544333682,1564230306932363265,
1972056185710039537,Sat Sep 27 21:50:08 +0000 2025,0,Tapi jujur aku suka bgt insomnia gimana dooongggg menurut ku cocok bgt suaramu di lagu itu,1972056185710039537,,,in,,0,0,0,https://x.com/undefined/status/1972056185710039537,1342448266537889792,
1972050437491904545,Sat Sep 27 21:27:17 +0000 2025,0,Apasi 48 jam melek babi bgt insomnia,1972050437491904545,,,in,,0,0,0,https://x.com/undefined/status/1972050437491904545,488100869,
1972000264816414752,Sat Sep 27 18:07:55 +0000 2025,0,Why am I having insomnia. Takkan sebab minum coke malam2 kot,1972000264816414752,,,in,,0,0,0,https://x.com/undefined/status/1972000264816414752,57677325,
1971998824928628966,Sat Sep 27 18:02:12 +0000 2025,0,insomnia terus deh akhir-akhir ini.... ada apakah gerangan!?!?!?,1971998824928628966,,,in,,0,0,0,https://x.com/undefined/status/1971998824928628966,1258251535483457537,
1971998420450844942,Sat Sep 27 18:00:36 +0000 2025,0,semuanya BAGUSSS BANGET tapi aku harap sangat amat berharap insomnia bisa di release kapanpun itu aku akan sangat menunggu insomnia di release,1971998420450844942,,,in,,0,0,0,https://x.com/undefined/status/1971998420450844942,1686409615066734592,
1971996257053729225,Sat Sep 27 17:52:00 +0000 2025,0,stres kronis meningkatkan risiko hipertensi insomnia hingga depresi. teknik sederhana seperti meditasi olahraga dan journaling membantu menjaga kesehatan mental tetap stabil. JOSSGAWIN INVINCIBLE #JossGawinFancon,1971996257053729225,,,in,,0,0,0,https://x.com/undefined/status/1971996257053729225,1922229884530917377,
1971996027210403888,Sat Sep 27 17:51:05 +0000 2025,0,Tp kita tetep butuh insomnia,1971996027210403888,,,in,,0,0,0,https://x.com/undefined/status/1971996027210403888,1557953414684102656,
1971992281092927823,Sat Sep 27 17:36:40 +0000 2025,0,setia menunggu insomnia nya haechan beneran rilis. LHC2 LHC3 lesgo,1971992401096102223,,jaeyongchans,in,,0,0,0,https://x.com/undefined/status/1971992401096102223,308784641,
1971991470635880674,Sat Sep 27 17:32:59 +0000 2025,0,noooo insomnia semoga bisa masuk di second album ya chan ,1971991470635880674,,,in,,0,0,0,https://x.com/undefined/status/1971991470635880674,1741376163292057600,
1971991426012794904,Sat Sep 27 17:32:48 +0000 2025,0,iyaa iyaaa. semua lagu di taste emang bagus banget better than insomnia,1971991426012794904,,,in,,0,0,0,https://x.com/undefined/status/1971991426012794904,1684439125733285888,
1971991394610000005,Sat Sep 27 17:32:40 +0000 2025,0,nooo insomnia sama martini blue tetep jadi lagi yg gue harapkan untuk dirilis!!,1971991394610000005,,,in,,0,0,0,https://x.com/undefined/status/1971991394610000005,1522626777792888834,
1971991373785210948,Sat Sep 27 17:32:35 +0000 2025,0,tttapi...insomnia jugaa bagus heyyy,1971991373785210948,,,in,,0,0,0,https://x.com/undefined/status/1971991373785210948,1490048681931796483,
1971986637296111759,Sat Sep 27 17:13:46 +0000 2025,0,syifa insomnia salsabila kembali,1971986637296111759,,,in,,0,1,0,https://x.com/undefined/status/1971986637296111759,1664624057642553345,
1971985146737041775,Sat Sep 27 17:07:51 +0000 2025,0,tidak ada satu hari pun tanpa pening pusing minum panadol migrain insomnia kepala mau pecah hidung tersumbat mata berat astaga,1971985146737041775,,,in,,0,0,0,https://x.com/undefined/status/1971985146737041775,1412899381813018632,
1971982002649026709,Sat Sep 27 17:02:21 +0000 2025,0,@Ali_Asghar09 Insomnia hai bhaiya,1971983763942047935,,Ali_Asghar09,in,,0,1,0,https://x.com/undefined/status/1971983763942047935,1746652792197197824,
1971975774451519667,Sat Sep 27 16:58:17 +0000 2025,0,@Jodiminto 1.Indah Sundari Psikolog Playlist &amp; konten-psikologi dari Indah Sundari topik seperti insomnia self-worth overthinking. ▶️ [Playlist Indah Sundari Psikolog] ▶️ Contoh video Capek Tanpa Alasan? Overthinking Hidup Terasa Hampa ▶️ Video Curhat Bareng Indah ,1971982738086678799,,Jodiminto,in,,0,0,0,https://x.com/undefined/status/1971982738086678799,1232836426850435072,
1971980122732540255,Sat Sep 27 16:47:53 +0000 2025,0,Dasar mata insomnia susah euy,1971980122732540255,,,in,,0,0,0,https://x.com/undefined/status/1971980122732540255,1433155500154265604,
1971978045075738782,Sat Sep 27 16:39:38 +0000 2025,1,istirahat bentar abis itu mo live edisi insomnia.,1971978045075738782,,,in,,0,0,0,https://x.com/undefined/status/1971978045075738782,1772861819990020096,
1971965035821125713,Sat Sep 27 16:03:20 +0000 2025,0,pantai tu sangat tenang. ai yg insomnia kronik ni tersengguk-sengguk yach duduk dekat situ. haha lepas tu boleh la healing-healing menenangkan hati ~ chuolss yg rasa sesak dgn bandar yg crowded &amp; bising gilerr tu boleh la datang sini. tenang jerr... sangatlah tenang ,1971968913014772135,,thislove_moon,in,,0,0,0,https://x.com/undefined/status/1971968913014772135,1233615247069437954,
1971965035821125713,Sat Sep 27 16:00:57 +0000 2025,0,kat pantai kemasin ni air lautnya tenang. boleh mandi-manda dekat situ. lepas tu banyak tempat boleh duduk. tak ada masalah tak bawak tikar pun sebab ada bangku khas kat setiap tempat. ada buaian kayu yang cantik lagi ~ kalau korang insomnia datang lerr sini ,1971968312633594330,,thislove_moon,in,,0,1,0,https://x.com/undefined/status/1971968312633594330,1233615247069437954,
1971965807656948103,Sat Sep 27 15:51:00 +0000 2025,0,welcomeback insomnia dan sakit kepala. mari kita stock parcet dan asmef bwawrta obat flunya. insidal jngn lupa,1971965807656948103,,,in,,0,0,0,https://x.com/undefined/status/1971965807656948103,487344831,
1971866626468581429,Sat Sep 27 09:48:38 +0000 2025,0,@ahmadgbllk Deg maaf Mimo dd MELENG (juara satu meleng) yang frame netral dan bagus tuh menurut dd yang seri Lunar Eclipse sama Insomnia sama Constellations di seri Galaxy juga cakep dan gak lebay,1971874616147935552,,ahmadgbllk,in,,0,1,0,https://x.com/undefined/status/1971874616147935552,739024649057619968,
1971873995571318937,Sat Sep 27 09:46:10 +0000 2025,0,wkwk ga ada insomnia zero pun diledek njir,1971873995571318937,,,in,,0,0,0,https://x.com/undefined/status/1971873995571318937,1965377931569758211,
1971863680951504954,Sat Sep 27 09:07:31 +0000 2025,0,@Eversoir TIBA-TIBA NYANYI INSOMNIA.,1971864266635686338,,Eversoir,in,,0,1,0,https://x.com/undefined/status/1971864266635686338,784205410622382081,
1971854262687961105,Sat Sep 27 08:27:46 +0000 2025,0,wkwkwkwkwk insomnia zero blm ada lagi di stage pun jadi ,1971854262687961105,,,in,,0,0,0,https://x.com/undefined/status/1971854262687961105,3163075718,
1971511979773939848,Sat Sep 27 06:29:53 +0000 2025,1,@nisanntika22 Di Indonesia Surya insomnia dan artis lainnya doyan golf bahkan businessman ya mainnya golf . Karena golf itu ga cuma olahraga didalamnya ada diskusi bisnis,1971824597776650386,,nisanntika22,in,,0,0,0,https://x.com/undefined/status/1971824597776650386,777774752337309696,
1971823725378211976,Sat Sep 27 06:26:25 +0000 2025,0,Kykny gwh beneran insomnia..... helpp cara tidurr gimanaaa,1971823725378211976,,,in,,0,0,0,https://x.com/undefined/status/1971823725378211976,1101839049801654273,
1971778219356704850,Sat Sep 27 06:13:28 +0000 2025,0,@me_aryafly udah insomnia wkwkwkw,1971820464717942919,,me_aryafly,in,,0,1,0,https://x.com/undefined/status/1971820464717942919,631147537,
1971778219356704850,Sat Sep 27 06:09:18 +0000 2025,0,@ach4otic lama² bisa insomnia tuh,1971819419887456658,,ach4otic,in,,0,1,0,https://x.com/undefined/status/1971819419887456658,1901726589286801410,
1971818727235899622,Sat Sep 27 06:06:33 +0000 2025,0,Semoga https://t.co/yvi1y16IZ9,1971818727235899622,https://pbs.twimg.com/ext_tw_video_thumb/1971818507827650561/pu/img/6uKQ-Pg3CJ_eKJqr.jpg,,in,,0,0,0,https://x.com/undefined/status/1971818727235899622,1781223220047380480,
1971807190135853475,Sat Sep 27 05:20:43 +0000 2025,0,apakah nnt ada surya insomnia,1971807190135853475,,,in,,0,0,0,https://x.com/undefined/status/1971807190135853475,1431935623972089858,
1952349129239384356,Sat Sep 27 05:19:39 +0000 2025,63,siang : aku notice lechen kalo sama kita engga banyak bicara tapi kalo sama yuan jadi cerewet Le : maap semalam kurang tidur ada insomnia sore *wang jiaojiao in action* Le: yuan cantik banget dan satu dunia harus tau!! kalo sama yuan kyk nongkrong yee #HeartSignalS8 https://t.co/E2tUR5n32I,1971806924825067848,https://pbs.twimg.com/amplify_video_thumb/1971806841874403331/img/w2Y9al5KQf0OEOEm.jpg,vicasom,in,,0,3,8,https://x.com/undefined/status/1971806924825067848,899529806240333824,
1971730894030623128,Sat Sep 27 04:37:55 +0000 2025,0,@ASMR_video_ Lumayan nih buat obat insomnia,1971796420236923172,,ASMR_video_,in,,0,0,0,https://x.com/undefined/status/1971796420236923172,1156264789754052608,
1971719544428454324,Sat Sep 27 04:30:50 +0000 2025,0,@ZakwanHasni @Bebelleyy ohh ye la! nnti kita gi clinic sesama la! kita tiga ni mcm teruk dh ni insomnia kita!,1971794637146018282,,ZakwanHasni,in,,0,1,0,https://x.com/undefined/status/1971794637146018282,927252114,
1971719544428454324,Sat Sep 27 04:06:26 +0000 2025,0,@haszmoza @Bebelleyy Saya tak boleh tidurrr . Insomnia ,1971788495552499733,,haszmoza,in,,0,1,0,https://x.com/undefined/status/1971788495552499733,1068532448,
1971753619432333374,Sat Sep 27 03:24:35 +0000 2025,0,@garagarabola_ TMJ gimana tidur nya semalam? Nyenyak marah2 atau insomnia? ,1971777965399986367,,garagarabola_,in,,0,0,0,https://x.com/undefined/status/1971777965399986367,1681555585240825856,
1971772603905069440,Sat Sep 27 03:03:17 +0000 2025,1,Ahla mesa al insomnia ely mbtshtghlsh gher lw waraya gam3a 8 el sobh dy,1971772603905069440,,,in,,0,0,0,https://x.com/undefined/status/1971772603905069440,1399172045213143041,
1971766379830563141,Sat Sep 27 02:38:33 +0000 2025,4,Apa dia insomnia?,1971766379830563141,,,in,,0,0,1,https://x.com/undefined/status/1971766379830563141,844856331118919680,
1971130061148586217,Sat Sep 27 01:56:01 +0000 2025,0,@DinosorGlazer Maaf by.. aku sekarang udah insomnia jadi lupa,1971755677472432334,,TimKonTruther,in,,0,0,0,https://x.com/undefined/status/1971755677472432334,301914843,
1971731944338846077,Sat Sep 27 00:21:43 +0000 2025,0,ini gmn crnya nyembuhin insomnia yaallah tidur selalu diatas jam 6 pagi. dipaksa pun gbs njir,1971731944338846077,,,in,,0,0,0,https://x.com/undefined/status/1971731944338846077,1197055229356736513,
1971698194171286006,Fri Sep 26 22:07:36 +0000 2025,2,Pagi pagi ngakak gara gara acara kuis yang dibawakan mas Surya insomnia. Masa ilmu yang mempelajari tentang jamur disebut miss you. Harusnya jawabannya mikologi ,1971698194171286006,,,in,,0,1,0,https://x.com/undefined/status/1971698194171286006,1147597667087728642,
1971432739154088194,Fri Sep 26 10:03:40 +0000 2025,0,@insomnia_0201 US ko har chij copy karna hota h,1971516010487570590,,insomnia_0201,in,,0,0,0,https://x.com/undefined/status/1971516010487570590,1445301363286495235,
1971464612408369521,Fri Sep 26 09:31:43 +0000 2025,0,@insomnia_0201 tum beta ,1971507967880212756,,insomnia_0201,in,,0,0,0,https://x.com/undefined/status/1971507967880212756,1398527732082896900,
1971425451353715033,Fri Sep 26 09:22:12 +0000 2025,0,@adit_insomnia @kolonigigs_ Nemu aja gambarnya,1971505573482148176,,adit_insomnia,in,,0,0,0,https://x.com/undefined/status/1971505573482148176,1316552405706629120,
1971494709265863015,Fri Sep 26 09:20:35 +0000 2025,0,@kolonigigs_ Ternyata Surya Insomnia,1971505167402168348,,kolonigigs_,in,,0,0,0,https://x.com/undefined/status/1971505167402168348,347221926,
1971229105724281019,Fri Sep 26 09:19:18 +0000 2025,0,@naravenya Mmm kakinya,1971504844440752409,,naravenya,tl,,0,0,0,https://x.com/undefined/status/1971504844440752409,1781223220047380480,
1971425451353715033,Fri Sep 26 09:16:53 +0000 2025,0,@adit_insomnia @kolonigigs_ Bisa aja mas mas model yeahright,1971504236451233840,,adit_insomnia,in,,0,0,0,https://x.com/undefined/status/1971504236451233840,66555677,
1971475983833366998,Fri Sep 26 07:24:37 +0000 2025,2,Roi 5CR ah orey pulka,1971475983833366998,,,in,,0,1,0,https://x.com/undefined/status/1971475983833366998,1501112161635995656,
1971376646478594472,Fri Sep 26 07:18:35 +0000 2025,0,@daripear insomnia akut kak,1971474464757137862,,daripear,in,,0,1,0,https://x.com/undefined/status/1971474464757137862,1546747429281603584,
1971461584485745008,Fri Sep 26 06:27:24 +0000 2025,1,malam Jumat ini adalah malam ke sembilan ratus Laila lepas landas dan mendarat di bulan. aku membilangnya agar dua puluh tahun kemudian saat kiamat datang dan jantungku hilang ada sesuatu yang tercatat untuk menegaskan kangen berat seorang pengidap insomnia. - @sajakindie,1971461584485745008,,,in,,0,0,2,https://x.com/undefined/status/1971461584485745008,279453694,
1971457416773632090,Fri Sep 26 06:10:50 +0000 2025,2,ntakut banget jadi bahan roasting di insomnia zero banggg ,1971457416773632090,,,in,,0,0,0,https://x.com/undefined/status/1971457416773632090,1182100219179098113,
1970786034289107197,Fri Sep 26 06:09:34 +0000 2025,0,@gabutforlife @IndoPopBase OMG!! Merinding banget liatnya. I feel you Tasyaaa dikhianati orang yang paling dipercaya itu emang nyakitin banget. Wajar kalau sampai insomnia berhari-hari. Itu ada yg bilang digadein apa yg digadein?? Rumah bu Ala? Bawa orang asing ngacak-ngacak keluarga tuh,1971457098488971381,,gabutforlife,in,,0,0,0,https://x.com/undefined/status/1971457098488971381,1797555961173057536,
1971452821875851423,Fri Sep 26 05:52:35 +0000 2025,0,EITSSSS sespesies sama si mingyu mingyu itu bihh PLSSS KAPAN INSOMNIA ZERO LAGIIII https://t.co/hmXadujoOK,1971452821875851423,https://pbs.twimg.com/amplify_video_thumb/1971351563823349762/img/VPLaEO55oFoOtjFh.jpg,,in,,0,0,0,https://x.com/undefined/status/1971452821875851423,1416597745939275779,
1971451510849667132,Fri Sep 26 05:47:22 +0000 2025,0,Standby di kemang https://t.co/ghiMPoc84K,1971451510849667132,https://pbs.twimg.com/media/G1wAr8UbMAACtm0.jpg,,in,,0,0,0,https://x.com/undefined/status/1971451510849667132,1781223220047380480,
1971432822540992868,Fri Sep 26 05:43:15 +0000 2025,0,@_PokokTuru WKWKWKWK bknnya itu insomnia ya,1971450476324667408,,_PokokTuru,in,,0,1,0,https://x.com/undefined/status/1971450476324667408,1668953589363113984,
1971446978740682764,Fri Sep 26 05:29:22 +0000 2025,0,Luhgeknya nyapuin....ganti nama jdi Carmen insomnia aja dah https://t.co/eE01NGuBCh,1971446978740682764,https://pbs.twimg.com/tweet_video_thumb/G1v8kngaAAgKlxw.jpg,,in,,0,0,0,https://x.com/undefined/status/1971446978740682764,184781693,
1971443999849521540,Fri Sep 26 05:28:15 +0000 2025,0,@insomnia_0201 Lelo yrr mera exam hai yeh bc baarish nhi ruk nhi rahi,1971446700951863357,,insomnia_0201,in,,0,0,0,https://x.com/undefined/status/1971446700951863357,1398527732082896900,
1971443927556423689,Fri Sep 26 05:17:14 +0000 2025,1,Yuk makan https://t.co/PXswvK658i,1971443927556423689,https://pbs.twimg.com/media/G1v5ysyboAAtWR2.jpg,,in,,0,0,0,https://x.com/undefined/status/1971443927556423689,1781223220047380480,
1971440183548772774,Fri Sep 26 05:02:22 +0000 2025,0,Insomnia bbrp hari ini kl siang ngantuk bgt,1971440183548772774,,,in,,0,0,0,https://x.com/undefined/status/1971440183548772774,882582913966985216,
1971439233081671971,Fri Sep 26 04:58:35 +0000 2025,1,Kalo ngantuk pas pagi gini jadi nyesel kenapa semalam sok sok insomnia ,1971439233081671971,,,in,,0,0,0,https://x.com/undefined/status/1971439233081671971,375304495,
1971410687848030553,Fri Sep 26 04:34:11 +0000 2025,0,@worksfess Pernah waktu gue Insomnia selama 2 bulanan gue tidur subuh jam 4 bangun jam setengah 6. Mantap banget,1971433091215556957,,worksfess,in,,0,0,0,https://x.com/undefined/status/1971433091215556957,167311973,
